<application>
  <component name="ExportableFileTemplateSettings">
    <includes_templates>
      <template name="File Header.java" reformat="true" live-template-enabled="true" enabled="true" />
    </includes_templates>
    <code_templates>
      <template name="JUnit3 Test Class.java" reformat="true" live-template-enabled="true" enabled="true" />
      <template name="JUnit3 Test Method.java" reformat="true" live-template-enabled="true" enabled="true" />
      <template name="JUnit4 Test Method.java" reformat="true" live-template-enabled="true" enabled="true" />
    </code_templates>
  </component>
</application>